start,end,length_base_unit,sequence,num_base_units,log10_prob_slippage_ecoli,sequence_number
280,286,2,ACACAC,3,-4.56,0
341,347,2,CTCTCT,3,-4.56,0
459,465,2,CTCTCT,3,-4.56,0
741,746,1,TTTTT,5,-9.255,0
31,35,1,TTTT,4,-9.984,0
435,439,1,AAAA,4,-9.984,0
530,534,1,GGGG,4,-9.984,0
545,549,1,AAAA,4,-9.984,0
1526,1535,3.0,AAGAAGAAG,3,-4.56,1
7,13,2.0,AAAAAA,3,-4.56,1
414,420,2.0,TTTTTT,3,-4.56,1
1117,1123,2.0,TTTTTT,3,-4.56,1
1898,1904,2.0,AGAGAG,3,-4.56,1
2031,2037,2.0,AAAAAA,3,-4.56,1
2042,2048,2.0,GAGAGA,3,-4.56,1
2577,2583,2.0,GAGAGA,3,-4.56,1
2735,2741,2.0,GAGAGA,3,-4.56,1
3009,3015,2.0,AAAAAA,3,-4.56,1
177,183,2,AAAAAA,3,-4.56,2
842,848,2,AAAAAA,3,-4.56,2
1338,1344,2,GAGAGA,3,-4.56,2
177,183,1,AAAAAA,6,-8.526,2
842,848,1,AAAAAA,6,-8.526,2
144,149,1,AAAAA,5,-9.255,2
308,313,1,TTTTT,5,-9.255,2
460,465,1,TTTTT,5,-9.255,2
795,800,1,AAAAA,5,-9.255,2
900,905,1,TTTTT,5,-9.255,2
476,482,2.0,CTCTCT,3,-4.56,3
258,263,1.0,AAAAA,5,-9.255,3
63,67,1.0,AAAA,4,-9.984,3
207,211,1.0,AAAA,4,-9.984,3
329,333,1.0,CCCC,4,-9.984,3
448,452,1.0,AAAA,4,-9.984,3
532,536,1.0,AAAA,4,-9.984,3
