actual_site,actual_site_rev_conj,matching_motif,start_index,end_index,log10_site_match,num_nucleotides,0,1,2,3,4,5,6,7,8,9,10,11,12,13,sequence_number
AACCTCCACA,TGTGGAGGTT,AASCTCCRC,1222.0,1232.0,-0.8254205920533711,9,"{'A': 0.836637, 'C': 0.152859, 'G': 0.010289, 'T': 0.000215}","{'A': 0.900094, 'C': 0.075127, 'G': 0.021824, 'T': 0.002955}","{'A': 0.0, 'C': 0.739463, 'G': 0.257928, 'T': 0.002609}","{'A': 0.0, 'C': 0.971851, 'G': 0.019464, 'T': 0.008685}","{'A': 0.049144, 'C': 0.010971, 'G': 0.068846, 'T': 0.871038}","{'A': 0.003235, 'C': 0.95963, 'G': 0.005301, 'T': 0.031833}","{'A': 0.003231, 'C': 0.899887, 'G': 0.000528, 'T': 0.096354}","{'A': 0.373375, 'C': 0.005549, 'G': 0.617062, 'T': 0.004014}","{'A': 0.000787, 'C': 0.983477, 'G': 0.0, 'T': 0.015735}",,,,,,0
TTAAATGATT,AATCATTTAA,ATCAKTTAM,300.0,310.0,-1.051108613423992,9,"{'A': 0.736968, 'C': 0.090772, 'G': 0.019126, 'T': 0.153134}","{'A': 0.046063, 'C': 0.01306, 'G': 0.128559, 'T': 0.812318}","{'A': 0.059016, 'C': 0.886891, 'G': 0.030237, 'T': 0.023856}","{'A': 0.853955, 'C': 0.02318, 'G': 0.002927, 'T': 0.119939}","{'A': 0.0, 'C': 0.06641, 'G': 0.601103, 'T': 0.332487}","{'A': 0.051435, 'C': 0.009921, 'G': 0.033642, 'T': 0.905001}","{'A': 0.024286, 'C': 0.011917, 'G': 0.024497, 'T': 0.9393}","{'A': 0.943051, 'C': 0.01194, 'G': 0.001848, 'T': 0.043161}","{'A': 0.735611, 'C': 0.235402, 'G': 0.013441, 'T': 0.015546}",,,,,,0
CGCAAGGTT,AACCTTGCG,MCSKYGCG,1268.0,1277.0,-1.1029498797765753,8,"{'A': 0.614, 'C': 0.332, 'G': 0.053, 'T': 0.001}","{'A': 0.001, 'C': 0.842, 'G': 0.156, 'T': 0.001}","{'A': 0.093, 'C': 0.427, 'G': 0.404, 'T': 0.077}","{'A': 0.001, 'C': 0.001, 'G': 0.326, 'T': 0.672}","{'A': 0.155, 'C': 0.171, 'G': 0.001, 'T': 0.673}","{'A': 0.001, 'C': 0.001, 'G': 0.795, 'T': 0.203}","{'A': 0.001, 'C': 0.997, 'G': 0.001, 'T': 0.001}","{'A': 0.001, 'C': 0.001, 'G': 0.997, 'T': 0.001}",,,,,,,0
CAACCTCCACA,TGTGGAGGTTG,SMRCCTCCAC,1221.0,1232.0,-1.1394450090614279,10,"{'A': 0.097093, 'C': 0.532774, 'G': 0.328052, 'T': 0.042081}","{'A': 0.670387, 'C': 0.167536, 'G': 0.028111, 'T': 0.133966}","{'A': 0.567871, 'C': 0.121782, 'G': 0.258182, 'T': 0.052165}","{'A': 0.06412, 'C': 0.752273, 'G': 0.074943, 'T': 0.108664}","{'A': 0.00693, 'C': 0.969317, 'G': 0.007744, 'T': 0.016009}","{'A': 0.133323, 'C': 0.064324, 'G': 0.015718, 'T': 0.786635}","{'A': 0.004899, 'C': 0.948576, 'G': 0.029125, 'T': 0.0174}","{'A': 0.013919, 'C': 0.92917, 'G': 0.003375, 'T': 0.053536}","{'A': 0.802222, 'C': 0.068556, 'G': 0.014659, 'T': 0.114562}","{'A': 0.012612, 'C': 0.88178, 'G': 0.036824, 'T': 0.068784}",,,,,0
ACTTTCACTA,TAGTGAAAGT,ACTTTCACM,1827.0,1837.0,-1.2390187193335023,9,"{'A': 0.857959, 'C': 0.060229, 'G': 0.022878, 'T': 0.058934}","{'A': 0.135751, 'C': 0.781512, 'G': 0.0, 'T': 0.082738}","{'A': 0.02678, 'C': 0.011593, 'G': 0.014486, 'T': 0.947142}","{'A': 0.0, 'C': 0.014917, 'G': 0.004052, 'T': 0.981032}","{'A': 0.013114, 'C': 0.010172, 'G': 0.072195, 'T': 0.904519}","{'A': 0.009524, 'C': 0.973895, 'G': 0.004295, 'T': 0.012286}","{'A': 0.782983, 'C': 0.125517, 'G': 0.0, 'T': 0.0915}","{'A': 0.0, 'C': 0.818824, 'G': 0.166959, 'T': 0.014217}","{'A': 0.456121, 'C': 0.272782, 'G': 0.107186, 'T': 0.163911}",,,,,,0
TAAACTGGAC,GTCCAGTTTA,TAGACTGGA,893.0,903.0,-1.2452827401977893,9,"{'A': 0.212626, 'C': 0.033972, 'G': 0.005137, 'T': 0.748265}","{'A': 0.872202, 'C': 0.034047, 'G': 0.057277, 'T': 0.036474}","{'A': 0.182733, 'C': 0.115334, 'G': 0.656931, 'T': 0.045002}","{'A': 0.902817, 'C': 0.039304, 'G': 0.05788, 'T': 0.0}","{'A': 0.037424, 'C': 0.930408, 'G': 0.032167, 'T': 0.0}","{'A': 0.097489, 'C': 0.006393, 'G': 0.003593, 'T': 0.892525}","{'A': 0.010079, 'C': 0.011716, 'G': 0.978205, 'T': 0.0}","{'A': 0.031056, 'C': 0.007089, 'G': 0.700751, 'T': 0.261104}","{'A': 0.927557, 'C': 0.035459, 'G': 0.036984, 'T': 0.0}",,,,,,0
CACACGCGT,ACGCGTGTG,CRCVCRCG,449.0,458.0,-1.3538523084722245,8,"{'A': 0.168, 'C': 0.83, 'G': 0.001, 'T': 0.001}","{'A': 0.456, 'C': 0.001, 'G': 0.542, 'T': 0.001}","{'A': 0.001, 'C': 0.997, 'G': 0.001, 'T': 0.001}","{'A': 0.282, 'C': 0.229, 'G': 0.488, 'T': 0.001}","{'A': 0.001, 'C': 0.997, 'G': 0.001, 'T': 0.001}","{'A': 0.394, 'C': 0.001, 'G': 0.604, 'T': 0.001}","{'A': 0.001, 'C': 0.997, 'G': 0.001, 'T': 0.001}","{'A': 0.305, 'C': 0.001, 'G': 0.693, 'T': 0.001}",,,,,,,0
TTAACACGGTT,AACCGTGTTAA,ACCGTGTTAD,1456.0,1467.0,-1.4056012350117637,10,"{'A': 0.887894, 'C': 0.032564, 'G': 0.00777, 'T': 0.071772}","{'A': 0.10063, 'C': 0.775629, 'G': 0.042042, 'T': 0.081699}","{'A': 0.072882, 'C': 0.747146, 'G': 0.045963, 'T': 0.13401}","{'A': 0.095229, 'C': 0.00688, 'G': 0.897236, 'T': 0.000655}","{'A': 0.007821, 'C': 0.043045, 'G': 0.007293, 'T': 0.941841}","{'A': 0.191509, 'C': 0.052427, 'G': 0.661537, 'T': 0.094527}","{'A': 0.021394, 'C': 0.122797, 'G': 0.117992, 'T': 0.737818}","{'A': 0.022974, 'C': 0.020917, 'G': 0.028037, 'T': 0.928072}","{'A': 0.892677, 'C': 0.04072, 'G': 0.0132, 'T': 0.053403}","{'A': 0.223519, 'C': 0.099724, 'G': 0.309152, 'T': 0.367606}",,,,,0
CAGGAGAACA,TGTTCTCCTG,AWYCTCCTG,345.0,355.0,-1.4746164656941538,9,"{'A': 0.858118, 'C': 0.0178, 'G': 0.120818, 'T': 0.003264}","{'A': 0.327001, 'C': 0.006223, 'G': 0.093332, 'T': 0.573443}","{'A': 0.148768, 'C': 0.208484, 'G': 0.01466, 'T': 0.628087}","{'A': 0.0, 'C': 0.990463, 'G': 0.006328, 'T': 0.00321}","{'A': 0.08902, 'C': 0.0, 'G': 0.013156, 'T': 0.897825}","{'A': 0.00195, 'C': 0.941058, 'G': 0.02773, 'T': 0.029262}","{'A': 0.007978, 'C': 0.972549, 'G': 0.011742, 'T': 0.007731}","{'A': 0.006038, 'C': 0.021257, 'G': 0.000911, 'T': 0.971794}","{'A': 0.021615, 'C': 0.004271, 'G': 0.974114, 'T': 0.0}",,,,,,0
CCGCAAAGA,TCTTTGCGG,SCGSMRAS,1843.0,1852.0,-1.4875647333726802,8,"{'A': 0.001, 'C': 0.636, 'G': 0.362, 'T': 0.001}","{'A': 0.001, 'C': 0.794, 'G': 0.204, 'T': 0.001}","{'A': 0.001, 'C': 0.001, 'G': 0.997, 'T': 0.001}","{'A': 0.001, 'C': 0.507, 'G': 0.491, 'T': 0.001}","{'A': 0.532, 'C': 0.466, 'G': 0.001, 'T': 0.001}","{'A': 0.464, 'C': 0.001, 'G': 0.534, 'T': 0.001}","{'A': 0.997, 'C': 0.001, 'G': 0.001, 'T': 0.001}","{'A': 0.246, 'C': 0.235, 'G': 0.518, 'T': 0.001}",,,,,,,0
CGCTCCCTC,GAGGGAGCG,MGGGAGMG,814.0,823.0,-0.544192784822491,8,"{'A': 0.566, 'C': 0.432, 'G': 0.001, 'T': 0.001}","{'A': 0.001, 'C': 0.001, 'G': 0.997, 'T': 0.001}","{'A': 0.025, 'C': 0.011, 'G': 0.963, 'T': 0.001}","{'A': 0.001, 'C': 0.001, 'G': 0.997, 'T': 0.001}","{'A': 0.997, 'C': 0.001, 'G': 0.001, 'T': 0.001}","{'A': 0.001, 'C': 0.001, 'G': 0.997, 'T': 0.001}","{'A': 0.459, 'C': 0.539, 'G': 0.001, 'T': 0.001}","{'A': 0.001, 'C': 0.001, 'G': 0.984, 'T': 0.014}",,,,,,,1
GTAATTTTCC,GGAAAATTAC,GAAAATKAC,1125.0,1135.0,-0.6715551007787974,9,"{'A': 0.0, 'C': 0.055771, 'G': 0.918331, 'T': 0.025898}","{'A': 0.719571, 'C': 0.159841, 'G': 0.081555, 'T': 0.039034}","{'A': 0.822639, 'C': 0.011682, 'G': 0.034, 'T': 0.131679}","{'A': 0.968997, 'C': 0.0054, 'G': 0.014119, 'T': 0.011484}","{'A': 0.875048, 'C': 0.059377, 'G': 0.001935, 'T': 0.06364}","{'A': 0.019513, 'C': 0.029377, 'G': 0.008957, 'T': 0.942153}","{'A': 0.044851, 'C': 0.017645, 'G': 0.367589, 'T': 0.569916}","{'A': 0.91815, 'C': 0.028644, 'G': 0.053206, 'T': 0.0}","{'A': 0.013783, 'C': 0.937481, 'G': 0.048736, 'T': 0.0}",,,,,,1
GAATCACAAC,GTTGTGATTC,GAATCACAA,618.0,628.0,-0.7110449085030742,9,"{'A': 0.066803, 'C': 0.0, 'G': 0.691985, 'T': 0.241213}","{'A': 0.818916, 'C': 0.136584, 'G': 0.0445, 'T': 0.0}","{'A': 0.93154, 'C': 0.012979, 'G': 0.030984, 'T': 0.024497}","{'A': 0.135865, 'C': 0.0, 'G': 0.003909, 'T': 0.860226}","{'A': 0.140001, 'C': 0.586406, 'G': 0.075705, 'T': 0.197888}","{'A': 0.982368, 'C': 0.0, 'G': 0.00792, 'T': 0.009711}","{'A': 0.0, 'C': 0.934052, 'G': 0.064034, 'T': 0.001914}","{'A': 0.930598, 'C': 0.03733, 'G': 0.02495, 'T': 0.007122}","{'A': 0.855459, 'C': 0.011934, 'G': 0.103926, 'T': 0.028681}",,,,,,1
GACATTCCAA,TTGGAATGTC,GACATTCCM,1766.0,1776.0,-0.8410036069198653,9,"{'A': 0.029546, 'C': 0.148542, 'G': 0.741653, 'T': 0.080259}","{'A': 0.927628, 'C': 0.018752, 'G': 0.049357, 'T': 0.004264}","{'A': 0.049492, 'C': 0.810256, 'G': 0.12794, 'T': 0.012312}","{'A': 0.879672, 'C': 0.008178, 'G': 0.037815, 'T': 0.074335}","{'A': 0.0, 'C': 0.038991, 'G': 0.046028, 'T': 0.914982}","{'A': 0.0, 'C': 0.09769, 'G': 0.018855, 'T': 0.883455}","{'A': 0.106989, 'C': 0.657381, 'G': 0.01121, 'T': 0.22442}","{'A': 0.024583, 'C': 0.91139, 'G': 0.024319, 'T': 0.039709}","{'A': 0.60724, 'C': 0.168886, 'G': 0.044992, 'T': 0.178882}",,,,,,1
CGAAGTAAT,ATTACTTCG,TTACSTCG,1121.0,1130.0,-0.927844777964799,8,"{'A': 0.001, 'C': 0.001, 'G': 0.001, 'T': 0.997}","{'A': 0.001, 'C': 0.001, 'G': 0.001, 'T': 0.997}","{'A': 0.985, 'C': 0.006, 'G': 0.002, 'T': 0.007}","{'A': 0.237, 'C': 0.761, 'G': 0.001, 'T': 0.001}","{'A': 0.049, 'C': 0.358, 'G': 0.404, 'T': 0.188}","{'A': 0.074, 'C': 0.02, 'G': 0.058, 'T': 0.848}","{'A': 0.001, 'C': 0.997, 'G': 0.001, 'T': 0.001}","{'A': 0.001, 'C': 0.001, 'G': 0.997, 'T': 0.001}",,,,,,,1
GTGTACCACC,GGTGGTACAC,GTGYRCCAC,2644.0,2654.0,-0.9533308198566941,9,"{'A': 0.096816, 'C': 0.012913, 'G': 0.869961, 'T': 0.02031}","{'A': 0.027505, 'C': 0.130951, 'G': 0.00693, 'T': 0.834613}","{'A': 0.028488, 'C': 0.047124, 'G': 0.913283, 'T': 0.011105}","{'A': 0.136525, 'C': 0.516924, 'G': 0.011, 'T': 0.335551}","{'A': 0.721503, 'C': 0.029021, 'G': 0.219391, 'T': 0.030085}","{'A': 0.031354, 'C': 0.90387, 'G': 0.044981, 'T': 0.019795}","{'A': 0.130758, 'C': 0.844409, 'G': 0.020713, 'T': 0.004121}","{'A': 0.930931, 'C': 0.00397, 'G': 0.036274, 'T': 0.028826}","{'A': 0.0, 'C': 0.976126, 'G': 0.01013, 'T': 0.013745}",,,,,,1
TTACGCGTT,AACGCGTAA,MTACGCGY,1686.0,1695.0,-1.0873818661650079,8,"{'A': 0.552, 'C': 0.195, 'G': 0.123, 'T': 0.13}","{'A': 0.001, 'C': 0.001, 'G': 0.16, 'T': 0.838}","{'A': 0.997, 'C': 0.001, 'G': 0.001, 'T': 0.001}","{'A': 0.001, 'C': 0.997, 'G': 0.001, 'T': 0.001}","{'A': 0.001, 'C': 0.001, 'G': 0.997, 'T': 0.001}","{'A': 0.001, 'C': 0.997, 'G': 0.001, 'T': 0.001}","{'A': 0.001, 'C': 0.001, 'G': 0.997, 'T': 0.001}","{'A': 0.001, 'C': 0.236, 'G': 0.001, 'T': 0.762}",,,,,,,1
AAACTCCATG,CATGGAGTTT,ARACCCCAT,506.0,516.0,-1.2355676316245499,9,"{'A': 0.9569, 'C': 0.010451, 'G': 0.019284, 'T': 0.013365}","{'A': 0.541663, 'C': 0.031449, 'G': 0.426226, 'T': 0.000662}","{'A': 0.870439, 'C': 0.009822, 'G': 0.037485, 'T': 0.082254}","{'A': 0.064271, 'C': 0.881364, 'G': 0.028331, 'T': 0.026033}","{'A': 0.006431, 'C': 0.761149, 'G': 0.011995, 'T': 0.220425}","{'A': 0.164488, 'C': 0.814792, 'G': 0.004534, 'T': 0.016185}","{'A': 0.0, 'C': 0.941428, 'G': 0.013512, 'T': 0.045059}","{'A': 0.95451, 'C': 0.012106, 'G': 0.033384, 'T': 0.0}","{'A': 0.00537, 'C': 0.039312, 'G': 0.049445, 'T': 0.905874}",,,,,,1
AGTGAAAGTA,TACTTTCACT,ACTTTCACM,2766.0,2776.0,-1.2390187193335023,9,"{'A': 0.857959, 'C': 0.060229, 'G': 0.022878, 'T': 0.058934}","{'A': 0.135751, 'C': 0.781512, 'G': 0.0, 'T': 0.082738}","{'A': 0.02678, 'C': 0.011593, 'G': 0.014486, 'T': 0.947142}","{'A': 0.0, 'C': 0.014917, 'G': 0.004052, 'T': 0.981032}","{'A': 0.013114, 'C': 0.010172, 'G': 0.072195, 'T': 0.904519}","{'A': 0.009524, 'C': 0.973895, 'G': 0.004295, 'T': 0.012286}","{'A': 0.782983, 'C': 0.125517, 'G': 0.0, 'T': 0.0915}","{'A': 0.0, 'C': 0.818824, 'G': 0.166959, 'T': 0.014217}","{'A': 0.456121, 'C': 0.272782, 'G': 0.107186, 'T': 0.163911}",,,,,,1
TGAACCACCC,GGGTGGTTCA,GGYGGAKCA,1345.0,1355.0,-1.313668818327034,9,"{'A': 0.010877, 'C': 0.027032, 'G': 0.962091, 'T': 0.0}","{'A': 0.005897, 'C': 0.018246, 'G': 0.973904, 'T': 0.001953}","{'A': 0.070789, 'C': 0.363687, 'G': 0.0, 'T': 0.565524}","{'A': 0.0, 'C': 0.006742, 'G': 0.993258, 'T': 0.0}","{'A': 0.003394, 'C': 0.020584, 'G': 0.975238, 'T': 0.000783}","{'A': 0.805372, 'C': 0.004362, 'G': 0.046262, 'T': 0.144004}","{'A': 0.014657, 'C': 0.0, 'G': 0.26406, 'T': 0.721283}","{'A': 0.001509, 'C': 0.971856, 'G': 0.022912, 'T': 0.003723}","{'A': 0.937331, 'C': 0.043286, 'G': 0.017623, 'T': 0.001759}",,,,,,1
TTACTTCGG,CCGAAGTAA,TTACSTCG,752.0,761.0,-0.927844777964799,8,"{'A': 0.001, 'C': 0.001, 'G': 0.001, 'T': 0.997}","{'A': 0.001, 'C': 0.001, 'G': 0.001, 'T': 0.997}","{'A': 0.985, 'C': 0.006, 'G': 0.002, 'T': 0.007}","{'A': 0.237, 'C': 0.761, 'G': 0.001, 'T': 0.001}","{'A': 0.049, 'C': 0.358, 'G': 0.404, 'T': 0.188}","{'A': 0.074, 'C': 0.02, 'G': 0.058, 'T': 0.848}","{'A': 0.001, 'C': 0.997, 'G': 0.001, 'T': 0.001}","{'A': 0.001, 'C': 0.001, 'G': 0.997, 'T': 0.001}",,,,,,,2
TTACTTCGG,CCGAAGTAA,TTACSTCG,707.0,716.0,-0.927844777964799,8,"{'A': 0.001, 'C': 0.001, 'G': 0.001, 'T': 0.997}","{'A': 0.001, 'C': 0.001, 'G': 0.001, 'T': 0.997}","{'A': 0.985, 'C': 0.006, 'G': 0.002, 'T': 0.007}","{'A': 0.237, 'C': 0.761, 'G': 0.001, 'T': 0.001}","{'A': 0.049, 'C': 0.358, 'G': 0.404, 'T': 0.188}","{'A': 0.074, 'C': 0.02, 'G': 0.058, 'T': 0.848}","{'A': 0.001, 'C': 0.997, 'G': 0.001, 'T': 0.001}","{'A': 0.001, 'C': 0.001, 'G': 0.997, 'T': 0.001}",,,,,,,2
CAGTAAAGGG,CCCTTTACTG,CAGKDAAGG,1678.0,1688.0,-1.1274000743452353,9,"{'A': 0.014509, 'C': 0.93269, 'G': 0.052308, 'T': 0.000493}","{'A': 0.939566, 'C': 0.001252, 'G': 0.048644, 'T': 0.010539}","{'A': 0.022951, 'C': 0.049043, 'G': 0.925097, 'T': 0.00291}","{'A': 0.122731, 'C': 0.073759, 'G': 0.294754, 'T': 0.508757}","{'A': 0.228887, 'C': 0.037201, 'G': 0.330999, 'T': 0.402914}","{'A': 0.938561, 'C': 0.020856, 'G': 0.037444, 'T': 0.003139}","{'A': 0.973681, 'C': 0.005415, 'G': 0.017633, 'T': 0.003271}","{'A': 0.040042, 'C': 0.013078, 'G': 0.921756, 'T': 0.025123}","{'A': 0.022032, 'C': 0.013888, 'G': 0.937824, 'T': 0.026256}",,,,,,2
GTGCCACTGA,TCAGTGGCAC,CAGTGGYGC,622.0,632.0,-1.196892203774329,9,"{'A': 0.0, 'C': 0.996925, 'G': 0.003075, 'T': 0.0}","{'A': 0.972196, 'C': 0.0, 'G': 0.020733, 'T': 0.007071}","{'A': 0.076487, 'C': 0.0, 'G': 0.889354, 'T': 0.034159}","{'A': 0.011064, 'C': 0.004248, 'G': 0.0, 'T': 0.984688}","{'A': 0.001018, 'C': 0.000756, 'G': 0.998045, 'T': 0.000181}","{'A': 0.000326, 'C': 0.0, 'G': 0.993494, 'T': 0.00618}","{'A': 0.0, 'C': 0.281987, 'G': 0.037531, 'T': 0.680482}","{'A': 0.304438, 'C': 0.0, 'G': 0.684197, 'T': 0.011365}","{'A': 0.0, 'C': 0.879579, 'G': 0.006642, 'T': 0.113779}",,,,,,2
TGCCGCCATT,AATGGCGGCA,ATKGCGSCA,857.0,867.0,-1.2590881786799826,9,"{'A': 0.9319, 'C': 0.008078, 'G': 0.060022, 'T': 0.0}","{'A': 0.009252, 'C': 0.091815, 'G': 0.053487, 'T': 0.845446}","{'A': 0.016939, 'C': 0.004767, 'G': 0.340856, 'T': 0.637437}","{'A': 0.028737, 'C': 0.013866, 'G': 0.945584, 'T': 0.011813}","{'A': 0.041484, 'C': 0.876453, 'G': 0.025141, 'T': 0.056923}","{'A': 0.0674, 'C': 0.009927, 'G': 0.879723, 'T': 0.04295}","{'A': 0.004982, 'C': 0.679795, 'G': 0.299162, 'T': 0.01606}","{'A': 0.024228, 'C': 0.970937, 'G': 0.0, 'T': 0.004835}","{'A': 0.968308, 'C': 0.003645, 'G': 0.028047, 'T': 0.0}",,,,,,2
AAAGCCAGTT,AACTGGCTTT,ARAGCCTGT,434.0,444.0,-1.3115390419765576,9,"{'A': 0.841256, 'C': 0.014754, 'G': 0.134388, 'T': 0.009602}","{'A': 0.657327, 'C': 0.040348, 'G': 0.28415, 'T': 0.018175}","{'A': 0.890826, 'C': 0.044282, 'G': 0.024738, 'T': 0.040154}","{'A': 0.190525, 'C': 0.018169, 'G': 0.777755, 'T': 0.01355}","{'A': 0.006326, 'C': 0.851736, 'G': 0.091858, 'T': 0.05008}","{'A': 0.086693, 'C': 0.88698, 'G': 0.026327, 'T': 0.0}","{'A': 0.204455, 'C': 0.017057, 'G': 0.024405, 'T': 0.754083}","{'A': 0.014352, 'C': 0.049497, 'G': 0.909706, 'T': 0.026445}","{'A': 0.065505, 'C': 0.016522, 'G': 0.01141, 'T': 0.906563}",,,,,,2
AAACCACATT,AATGTGGTTT,ARACCCCAT,2081.0,2091.0,-1.3922713361242665,9,"{'A': 0.9569, 'C': 0.010451, 'G': 0.019284, 'T': 0.013365}","{'A': 0.541663, 'C': 0.031449, 'G': 0.426226, 'T': 0.000662}","{'A': 0.870439, 'C': 0.009822, 'G': 0.037485, 'T': 0.082254}","{'A': 0.064271, 'C': 0.881364, 'G': 0.028331, 'T': 0.026033}","{'A': 0.006431, 'C': 0.761149, 'G': 0.011995, 'T': 0.220425}","{'A': 0.164488, 'C': 0.814792, 'G': 0.004534, 'T': 0.016185}","{'A': 0.0, 'C': 0.941428, 'G': 0.013512, 'T': 0.045059}","{'A': 0.95451, 'C': 0.012106, 'G': 0.033384, 'T': 0.0}","{'A': 0.00537, 'C': 0.039312, 'G': 0.049445, 'T': 0.905874}",,,,,,2
GCTGCCGAA,TTCGGCAGC,KCRGCHGC,1902.0,1911.0,-1.531848756483397,8,"{'A': 0.003, 'C': 0.104, 'G': 0.347, 'T': 0.546}","{'A': 0.045, 'C': 0.702, 'G': 0.002, 'T': 0.251}","{'A': 0.366, 'C': 0.001, 'G': 0.632, 'T': 0.001}","{'A': 0.279, 'C': 0.044, 'G': 0.676, 'T': 0.001}","{'A': 0.137, 'C': 0.802, 'G': 0.06, 'T': 0.001}","{'A': 0.33, 'C': 0.147, 'G': 0.001, 'T': 0.522}","{'A': 0.001, 'C': 0.165, 'G': 0.833, 'T': 0.001}","{'A': 0.107, 'C': 0.814, 'G': 0.001, 'T': 0.078}",,,,,,,2
CCGCCAAGT,ACTTGGCGG,SCGSMRAS,2269.0,2278.0,-1.5450904489777284,8,"{'A': 0.001, 'C': 0.636, 'G': 0.362, 'T': 0.001}","{'A': 0.001, 'C': 0.794, 'G': 0.204, 'T': 0.001}","{'A': 0.001, 'C': 0.001, 'G': 0.997, 'T': 0.001}","{'A': 0.001, 'C': 0.507, 'G': 0.491, 'T': 0.001}","{'A': 0.532, 'C': 0.466, 'G': 0.001, 'T': 0.001}","{'A': 0.464, 'C': 0.001, 'G': 0.534, 'T': 0.001}","{'A': 0.997, 'C': 0.001, 'G': 0.001, 'T': 0.001}","{'A': 0.246, 'C': 0.235, 'G': 0.518, 'T': 0.001}",,,,,,,2
CCGAGCAAG,CTTGCTCGG,TYSMKCGS,2127.0,2136.0,-1.5874278532601191,8,"{'A': 0.001, 'C': 0.001, 'G': 0.001, 'T': 0.997}","{'A': 0.06, 'C': 0.262, 'G': 0.001, 'T': 0.677}","{'A': 0.063, 'C': 0.487, 'G': 0.389, 'T': 0.061}","{'A': 0.524, 'C': 0.474, 'G': 0.001, 'T': 0.001}","{'A': 0.001, 'C': 0.032, 'G': 0.4, 'T': 0.567}","{'A': 0.001, 'C': 0.997, 'G': 0.001, 'T': 0.001}","{'A': 0.001, 'C': 0.001, 'G': 0.777, 'T': 0.221}","{'A': 0.001, 'C': 0.525, 'G': 0.473, 'T': 0.001}",,,,,,,2
CCCAGGTTCC,GGAACCTGGG,CCCAGGTYC,776.0,786.0,-0.6655991302835111,9,"{'A': 0.050947, 'C': 0.896436, 'G': 0.027286, 'T': 0.025331}","{'A': 0.011728, 'C': 0.968929, 'G': 0.000934, 'T': 0.018408}","{'A': 0.0, 'C': 0.99892, 'G': 0.00108, 'T': 0.0}","{'A': 0.770863, 'C': 0.012585, 'G': 0.0, 'T': 0.216552}","{'A': 0.0, 'C': 0.077409, 'G': 0.899662, 'T': 0.02293}","{'A': 0.010926, 'C': 0.120722, 'G': 0.695963, 'T': 0.17239}","{'A': 0.004995, 'C': 0.040724, 'G': 0.129114, 'T': 0.825167}","{'A': 0.036873, 'C': 0.305525, 'G': 0.030827, 'T': 0.626775}","{'A': 0.001497, 'C': 0.997155, 'G': 0.001348, 'T': 0.0}",,,,,,3
GAATCACAAG,CTTGTGATTC,GAATCACAA,505.0,515.0,-0.7110449085030742,9,"{'A': 0.066803, 'C': 0.0, 'G': 0.691985, 'T': 0.241213}","{'A': 0.818916, 'C': 0.136584, 'G': 0.0445, 'T': 0.0}","{'A': 0.93154, 'C': 0.012979, 'G': 0.030984, 'T': 0.024497}","{'A': 0.135865, 'C': 0.0, 'G': 0.003909, 'T': 0.860226}","{'A': 0.140001, 'C': 0.586406, 'G': 0.075705, 'T': 0.197888}","{'A': 0.982368, 'C': 0.0, 'G': 0.00792, 'T': 0.009711}","{'A': 0.0, 'C': 0.934052, 'G': 0.064034, 'T': 0.001914}","{'A': 0.930598, 'C': 0.03733, 'G': 0.02495, 'T': 0.007122}","{'A': 0.855459, 'C': 0.011934, 'G': 0.103926, 'T': 0.028681}",,,,,,3
TGCCGCCATG,CATGGCGGCA,ATKGCGSCA,677.0,687.0,-1.2590881786799826,9,"{'A': 0.9319, 'C': 0.008078, 'G': 0.060022, 'T': 0.0}","{'A': 0.009252, 'C': 0.091815, 'G': 0.053487, 'T': 0.845446}","{'A': 0.016939, 'C': 0.004767, 'G': 0.340856, 'T': 0.637437}","{'A': 0.028737, 'C': 0.013866, 'G': 0.945584, 'T': 0.011813}","{'A': 0.041484, 'C': 0.876453, 'G': 0.025141, 'T': 0.056923}","{'A': 0.0674, 'C': 0.009927, 'G': 0.879723, 'T': 0.04295}","{'A': 0.004982, 'C': 0.679795, 'G': 0.299162, 'T': 0.01606}","{'A': 0.024228, 'C': 0.970937, 'G': 0.0, 'T': 0.004835}","{'A': 0.968308, 'C': 0.003645, 'G': 0.028047, 'T': 0.0}",,,,,,3
GGCGCTGGAA,TTCCAGCGCC,GGCGCGGGA,182.0,192.0,-1.4423142786596004,9,"{'A': 0.185296, 'C': 0.042589, 'G': 0.74905, 'T': 0.023066}","{'A': 0.075223, 'C': 0.081557, 'G': 0.762256, 'T': 0.080965}","{'A': 0.050517, 'C': 0.77612, 'G': 0.035383, 'T': 0.13798}","{'A': 0.019231, 'C': 0.073978, 'G': 0.833446, 'T': 0.073345}","{'A': 0.07341, 'C': 0.885748, 'G': 0.035976, 'T': 0.004866}","{'A': 0.04869, 'C': 0.034875, 'G': 0.718383, 'T': 0.198052}","{'A': 0.007305, 'C': 0.025697, 'G': 0.889326, 'T': 0.077672}","{'A': 0.141398, 'C': 0.057482, 'G': 0.783865, 'T': 0.017255}","{'A': 0.799606, 'C': 0.066037, 'G': 0.017638, 'T': 0.116719}",,,,,,3
CCGATGAAG,CTTCATCGG,TYSMKCGS,757.0,766.0,-1.446295548061551,8,"{'A': 0.001, 'C': 0.001, 'G': 0.001, 'T': 0.997}","{'A': 0.06, 'C': 0.262, 'G': 0.001, 'T': 0.677}","{'A': 0.063, 'C': 0.487, 'G': 0.389, 'T': 0.061}","{'A': 0.524, 'C': 0.474, 'G': 0.001, 'T': 0.001}","{'A': 0.001, 'C': 0.032, 'G': 0.4, 'T': 0.567}","{'A': 0.001, 'C': 0.997, 'G': 0.001, 'T': 0.001}","{'A': 0.001, 'C': 0.001, 'G': 0.777, 'T': 0.221}","{'A': 0.001, 'C': 0.525, 'G': 0.473, 'T': 0.001}",,,,,,,3
AGGTAAGGCC,GGCCTTACCT,AGTTMAGGC,962.0,972.0,-1.5749276621265555,9,"{'A': 0.971185, 'C': 0.0, 'G': 0.028815, 'T': 0.0}","{'A': 0.045354, 'C': 0.170072, 'G': 0.747665, 'T': 0.036908}","{'A': 0.007534, 'C': 0.023153, 'G': 0.105109, 'T': 0.864204}","{'A': 0.064635, 'C': 0.070358, 'G': 0.084133, 'T': 0.780873}","{'A': 0.761016, 'C': 0.226213, 'G': 0.0, 'T': 0.012771}","{'A': 0.842276, 'C': 0.004434, 'G': 0.152746, 'T': 0.000545}","{'A': 0.039388, 'C': 0.013538, 'G': 0.93409, 'T': 0.012984}","{'A': 0.0, 'C': 0.0, 'G': 1.0, 'T': 0.0}","{'A': 0.009086, 'C': 0.745772, 'G': 0.001635, 'T': 0.243507}",,,,,,3
CGCCGAAGA,TCTTCGGCG,CYCSGGCG,1064.0,1073.0,-1.5871577988613024,8,"{'A': 0.183, 'C': 0.723, 'G': 0.093, 'T': 0.001}","{'A': 0.128, 'C': 0.17, 'G': 0.045, 'T': 0.657}","{'A': 0.001, 'C': 0.698, 'G': 0.064, 'T': 0.237}","{'A': 0.001, 'C': 0.424, 'G': 0.319, 'T': 0.256}","{'A': 0.001, 'C': 0.101, 'G': 0.731, 'T': 0.167}","{'A': 0.122, 'C': 0.001, 'G': 0.876, 'T': 0.001}","{'A': 0.001, 'C': 0.997, 'G': 0.001, 'T': 0.001}","{'A': 0.06, 'C': 0.001, 'G': 0.849, 'T': 0.09}",,,,,,,3
CTACAGGTGT,ACACCTGTAG,CACCTGWGG,157.0,167.0,-1.6875727697260814,9,"{'A': 0.00485, 'C': 0.95095, 'G': 0.014359, 'T': 0.029841}","{'A': 0.939412, 'C': 0.0, 'G': 0.013712, 'T': 0.046876}","{'A': 0.003048, 'C': 0.894863, 'G': 0.029848, 'T': 0.07224}","{'A': 0.010392, 'C': 0.964444, 'G': 0.022038, 'T': 0.003127}","{'A': 0.032162, 'C': 0.008179, 'G': 0.003714, 'T': 0.955946}","{'A': 0.0, 'C': 0.035488, 'G': 0.964512, 'T': 0.0}","{'A': 0.482672, 'C': 0.10735, 'G': 0.0, 'T': 0.409978}","{'A': 0.079828, 'C': 0.011399, 'G': 0.906983, 'T': 0.00179}","{'A': 0.046871, 'C': 0.060381, 'G': 0.882517, 'T': 0.010232}",,,,,,3
ACCATGCCAC,GTGGCATGGT,ACCVKGCCC,854.0,864.0,-1.7032758456743373,9,"{'A': 0.801096, 'C': 0.059149, 'G': 0.059871, 'T': 0.079884}","{'A': 0.028653, 'C': 0.928407, 'G': 0.012181, 'T': 0.03076}","{'A': 0.011263, 'C': 0.907647, 'G': 0.009004, 'T': 0.072086}","{'A': 0.575651, 'C': 0.188981, 'G': 0.194077, 'T': 0.041292}","{'A': 0.014719, 'C': 0.141008, 'G': 0.217579, 'T': 0.626694}","{'A': 0.006303, 'C': 0.0275, 'G': 0.921743, 'T': 0.044453}","{'A': 0.031978, 'C': 0.926304, 'G': 0.034099, 'T': 0.007619}","{'A': 0.012713, 'C': 0.948841, 'G': 0.01036, 'T': 0.028086}","{'A': 0.100372, 'C': 0.817591, 'G': 0.001329, 'T': 0.080708}",,,,,,3
ATGGTGTCGC,GCGACACCAT,ATGRTCTCG,457.0,467.0,-1.7313401383068734,9,"{'A': 0.832926, 'C': 0.036926, 'G': 0.124934, 'T': 0.005214}","{'A': 0.020915, 'C': 0.07979, 'G': 0.071379, 'T': 0.827915}","{'A': 0.026116, 'C': 0.007906, 'G': 0.961975, 'T': 0.004003}","{'A': 0.330868, 'C': 0.017883, 'G': 0.626776, 'T': 0.024473}","{'A': 0.011298, 'C': 0.105225, 'G': 0.015544, 'T': 0.867933}","{'A': 0.043598, 'C': 0.853356, 'G': 0.08715, 'T': 0.015896}","{'A': 0.04377, 'C': 0.0, 'G': 0.083295, 'T': 0.872935}","{'A': 0.010915, 'C': 0.945989, 'G': 0.029109, 'T': 0.013988}","{'A': 0.193719, 'C': 0.052342, 'G': 0.714776, 'T': 0.039163}",,,,,,3
